index,confidence,hand,time,X_WRIST,Y_WRIST,Z_WRIST,X_THUMB_CMC,Y_THUMB_CMC,Z_THUMB_CMC,X_THUMB_MCP,Y_THUMB_MCP,Z_THUMB_MCP,X_THUMB_IP,Y_THUMB_IP,Z_THUMB_IP,X_THUMB_TIP,Y_THUMB_TIP,Z_THUMB_TIP,X_INDEX_MCP,Y_INDEX_MCP,Z_INDEX_MCP,X_INDEX_PIP,Y_INDEX_PIP,Z_INDEX_PIP,X_INDEX_DIP,Y_INDEX_DIP,Z_INDEX_DIP,X_INDEX_TIP,Y_INDEX_TIP,Z_INDEX_TIP,X_MIDDLE_MCP,Y_MIDDLE_MCP,Z_MIDDLE_MCP,X_MIDDLE_PIP,Y_MIDDLE_PIP,Z_MIDDLE_PIP,X_MIDDLE_DIP,Y_MIDDLE_DIP,Z_MIDDLE_DIP,X_MIDDLE_TIP,Y_MIDDLE_TIP,Z_MIDDLE_TIP,X_RING_MCP,Y_RING_MCP,Z_RING_MCP,X_RING_TIP,Y_RING_TIP,Z_RING_TIP,X_RING_DIP,Y_RING_DIP,Z_RING_DIP,X_RING_TIP,Y_RING_TIP,Z_RING_TIP,X_PINKY_MCP,Y_PINKY_MCP,Z_PINKY_MCP,X_PINKY_PIP,Y_PINKY_PIP,Z_PINKY_PIP,X_PINKY_DIP,Y_PINKY_DIP,Z_PINKY_DIP,X_PINKY_TIP,Y_PINKY_TIP,Z_PINKY_TIP
1,  score: 0.9984360933303833,"  label: ""Right""",0,0.47198712825775146,0.6231709718704224,-2.0133807993261144e-05,0.49392038583755493,0.609009325504303,0.003557368880137801,0.5061500668525696,0.5844228267669678,0.005091273691505194,0.5118283033370972,0.5621169209480286,0.00998435914516449,0.5152197480201721,0.5461304783821106,0.014077545143663883,0.4902055263519287,0.5638111233711243,-0.01744253560900688,0.4970700442790985,0.5288504958152771,-0.009384787641465664,0.501661479473114,0.5157210826873779,0.0029629231430590153,0.5039728283882141,0.5088706016540527,0.010801710188388824,0.4763231873512268,0.56011962890625,-0.012219361960887909,0.48741352558135986,0.5346792936325073,0.00688319792971015,0.4942314922809601,0.5390292406082153,0.024487700313329697,0.49656254053115845,0.5472784042358398,0.031554434448480606,0.4662037491798401,0.5613398551940918,-0.0041657788679003716,0.47898775339126587,0.542576253414154,0.015687884762883186,0.4861643612384796,0.5477020740509033,0.027669064700603485,0.4880884885787964,0.5573197603225708,0.030600257217884064,0.4591265320777893,0.5650914907455444,0.004265271592885256,0.4697078764438629,0.548398494720459,0.01997566409409046,0.47561779618263245,0.5506463050842285,0.028519699349999428,0.4775716960430145,0.5581725835800171,0.032135386019945145
2,  score: 0.9994844794273376,"  label: ""Right""",33,0.47178909182548523,0.617931067943573,-3.054991248063743e-05,0.4946471154689789,0.6083596348762512,0.003833136986941099,0.5081697106361389,0.5844753384590149,0.005651143379509449,0.5152938365936279,0.5646166801452637,0.01106564886868,0.52034991979599,0.5510972142219543,0.015478365123271942,0.4915688931941986,0.5625866651535034,-0.018976956605911255,0.4976388216018677,0.5284445881843567,-0.013135453686118126,0.5017286539077759,0.5145202279090881,-0.0029119381215423346,0.504280686378479,0.5066591501235962,0.0035340338945388794,0.47692400217056274,0.5589684844017029,-0.013189931400120258,0.48763757944107056,0.5345761775970459,0.005720173008739948,0.4947640001773834,0.5382130742073059,0.024037880823016167,0.4979313015937805,0.5455322861671448,0.031735002994537354,0.4660678207874298,0.5607885718345642,-0.004962529521435499,0.47855016589164734,0.5430879592895508,0.01465722918510437,0.48569992184638977,0.548130452632904,0.027640236541628838,0.4883088767528534,0.5571990609169006,0.031096985563635826,0.4585282802581787,0.5649125576019287,0.003735023085027933,0.47015735507011414,0.5502693057060242,0.020520638674497604,0.47620102763175964,0.5532376170158386,0.03032783418893814,0.47844356298446655,0.5602623224258423,0.0348072312772274
3,  score: 0.9988083243370056,"  label: ""Right""",66,0.47143569588661194,0.6226666569709778,-2.6315390641684644e-05,0.4940321445465088,0.6098566651344299,0.004121198318898678,0.5067013502120972,0.5855076909065247,0.005010892171412706,0.5129433274269104,0.5647314786911011,0.008935533463954926,0.5180267095565796,0.5499610304832458,0.011683906428515911,0.49034443497657776,0.5630307793617249,-0.018194979056715965,0.4977875351905823,0.5294120907783508,-0.01008065976202488,0.5020546913146973,0.5159552097320557,0.002312903758138418,0.5041570663452148,0.507832944393158,0.01023437362164259,0.47581619024276733,0.5594002604484558,-0.01309712789952755,0.48643994331359863,0.5350346565246582,0.00636809878051281,0.49367842078208923,0.5380253791809082,0.02458696998655796,0.4972483217716217,0.5443548560142517,0.032594531774520874,0.46537211537361145,0.5611587762832642,-0.00504185538738966,0.47843441367149353,0.544518232345581,0.01646159216761589,0.48527729511260986,0.5501092672348022,0.027992919087409973,0.4874250888824463,0.5593160390853882,0.030160456895828247,0.45835238695144653,0.565464198589325,0.0033953224774450064,0.4704485833644867,0.5514205694198608,0.020813152194023132,0.47610506415367126,0.5549031496047974,0.02943328581750393,0.47780510783195496,0.5625253915786743,0.03287086635828018
4,  score: 0.9985412359237671,"  label: ""Right""",99,0.4727720618247986,0.6203429698944092,-2.2352232917910442e-05,0.4947192370891571,0.6090230345726013,0.004796602297574282,0.5070192813873291,0.585968554019928,0.0063347895629704,0.5132750272750854,0.5662965178489685,0.010681663639843464,0.518254280090332,0.5521013140678406,0.013907235115766525,0.49259302020072937,0.5621399283409119,-0.015378209762275219,0.4984816908836365,0.5305559635162354,-0.007342735771089792,0.5018129944801331,0.51641845703125,0.0033284141682088375,0.5035564303398132,0.5068035125732422,0.010122239589691162,0.4789246916770935,0.5590669512748718,-0.01062817219644785,0.4878745973110199,0.5354756712913513,0.009019368328154087,0.4946965277194977,0.5390453338623047,0.02692926861345768,0.4980674982070923,0.5449870824813843,0.035087473690509796,0.468171089887619,0.5611203908920288,-0.0032790270633995533,0.4790167808532715,0.5446317791938782,0.01723681576550007,0.48527002334594727,0.5506188869476318,0.029022030532360077,0.4872473478317261,0.5589773058891296,0.031503401696681976,0.4599268138408661,0.5653975605964661,0.004354364238679409,0.4704037606716156,0.5515155792236328,0.021087730303406715,0.4755655825138092,0.5555848479270935,0.030011547729372978,0.47697195410728455,0.5627633333206177,0.03364470973610878
4,  score: 1.0,"  label: ""Left""",99,0.5848451852798462,0.8938755989074707,-1.1102619282610249e-05,0.5639891624450684,0.8941550254821777,-0.003706606337800622,0.5515618324279785,0.8988361954689026,-0.017354125156998634,0.5441464781761169,0.8995075225830078,-0.03212391957640648,0.536861777305603,0.8958233594894409,-0.04682164266705513,0.5487323999404907,0.9260788559913635,-0.039972301572561264,0.5358237624168396,0.9324851632118225,-0.06215297430753708,0.5261428952217102,0.9331381320953369,-0.07684792578220367,0.5179787874221802,0.935523509979248,-0.08705741912126541,0.5599619150161743,0.9264894723892212,-0.04904727265238762,0.5494711399078369,0.9185832142829895,-0.07679011672735214,0.5436720848083496,0.8982853293418884,-0.08381209522485733,0.5404912233352661,0.8828506469726562,-0.086011603474617,0.5714261531829834,0.9191641211509705,-0.05811592563986778,0.5643349289894104,0.907541036605835,-0.08227111399173737,0.561126708984375,0.890227198600769,-0.08333967626094818,0.559151828289032,0.8786203861236572,-0.08157900720834732,0.5820462107658386,0.9090948104858398,-0.06646964699029922,0.578994870185852,0.8955276012420654,-0.08421722799539566,0.5753410458564758,0.8848733901977539,-0.0873357430100441,0.5723658800125122,0.8776191473007202,-0.08785316348075867
5,  score: 0.9887090921401978,"  label: ""Right""",132,0.47166159749031067,0.6223325729370117,-1.7251317331101745e-05,0.49416953325271606,0.6089354157447815,0.004481954965740442,0.5065143704414368,0.5846573114395142,0.005761925596743822,0.5128484964370728,0.5638775825500488,0.009449467994272709,0.5192857980728149,0.5486869812011719,0.01196372788399458,0.4922204613685608,0.5623779296875,-0.01512006763368845,0.4989120662212372,0.5310402512550354,-0.0068123056553304195,0.5024270415306091,0.5168873071670532,0.0047952220775187016,0.504173755645752,0.5063960552215576,0.012380845844745636,0.4787813425064087,0.5595479607582092,-0.010506022721529007,0.48709702491760254,0.5331155061721802,0.007537009194493294,0.4945927858352661,0.5323864817619324,0.02553378790616989,0.4987488090991974,0.5348710417747498,0.035659655928611755,0.4681849777698517,0.5612924695014954,-0.0031540344934910536,0.47917497158050537,0.5434566140174866,0.017397776246070862,0.4859657883644104,0.5488609075546265,0.02981814183294773,0.4881768226623535,0.5569061040878296,0.03342195227742195,0.46017229557037354,0.5650177597999573,0.004158084746450186,0.47141730785369873,0.5512348413467407,0.020893441513180733,0.47704946994781494,0.5549618005752563,0.029841480776667595,0.47833797335624695,0.5617344975471497,0.0339992381632328
5,  score: 0.9999982118606567,"  label: ""Left""",132,0.5850387811660767,0.8977048397064209,-1.1249187991779763e-05,0.5683242082595825,0.8911112546920776,-0.008202745579183102,0.557043731212616,0.888108491897583,-0.023962732404470444,0.550424337387085,0.8775409460067749,-0.040409576147794724,0.5433791279792786,0.8644909262657166,-0.05626143887639046,0.5514829754829407,0.929023802280426,-0.03842891752719879,0.5412741303443909,0.9314878582954407,-0.06039644777774811,0.5338469743728638,0.9193736910820007,-0.07276644557714462,0.5288777351379395,0.9076991677284241,-0.08167391270399094,0.5601119995117188,0.930905282497406,-0.04566847160458565,0.548743486404419,0.935458242893219,-0.07188867032527924,0.5388318300247192,0.9186508655548096,-0.08329512178897858,0.5336557626724243,0.9035412073135376,-0.08923809975385666,0.5684886574745178,0.9256537556648254,-0.05293017998337746,0.5589595437049866,0.92592853307724,-0.07975473999977112,0.5494067668914795,0.9089226722717285,-0.09035257995128632,0.5440093278884888,0.8954966068267822,-0.09421469271183014,0.5759356021881104,0.9165278673171997,-0.05848528444766998,0.5695745348930359,0.90791916847229,-0.07922317832708359,0.561877965927124,0.8937588930130005,-0.08831202238798141,0.5559967160224915,0.8827133178710938,-0.09268005937337875
6,  score: 0.9839958548545837,"  label: ""Right""",165,0.47095048427581787,0.6234533786773682,-1.9964281818829477e-05,0.49406740069389343,0.6095282435417175,0.003507724031805992,0.5065252780914307,0.5848432183265686,0.00483828317373991,0.5126121640205383,0.5627502202987671,0.00899598654359579,0.5190713405609131,0.5460565686225891,0.012782394886016846,0.4924756586551666,0.5617621541023254,-0.01780111715197563,0.5000571012496948,0.5284976959228516,-0.010712804272770882,0.5041475296020508,0.5143679976463318,0.002043408341705799,0.5060404539108276,0.5044965147972107,0.010708182118833065,0.47864869236946106,0.5584627985954285,-0.012298871763050556,0.4875901937484741,0.5288593173027039,0.003469210583716631,0.49576905369758606,0.5248422026634216,0.02346724271774292,0.5004723072052002,0.5254642963409424,0.036019183695316315,0.46801623702049255,0.5598352551460266,-0.004169470630586147,0.47954311966896057,0.5383176803588867,0.014842567965388298,0.4879879355430603,0.5408862233161926,0.030606476590037346,0.4918172359466553,0.5478397011756897,0.038045480847358704,0.4601592421531677,0.5636505484580994,0.003868711646646261,0.471811980009079,0.5472484230995178,0.020092301070690155,0.4789315164089203,0.5486302375793457,0.030511967837810516,0.4819353222846985,0.5541849136352539,0.036884505301713943
7,  score: 0.9988793730735779,"  label: ""Right""",198,0.47091448307037354,0.6250238418579102,-2.210721322626341e-05,0.4940590560436249,0.6091227531433105,0.006154236383736134,0.5063729882240295,0.5843200087547302,0.00899986457079649,0.5124949812889099,0.5615817904472351,0.014561259187757969,0.51712965965271,0.5446004867553711,0.020241105929017067,0.49328750371932983,0.5618563294410706,-0.015047291293740273,0.5006868243217468,0.5261572003364563,-0.006067546550184488,0.5050821304321289,0.5130140781402588,0.008227338083088398,0.5070804953575134,0.5056900978088379,0.01764065772294998,0.47948378324508667,0.5583807229995728,-0.010719547979533672,0.4886173605918884,0.5272403955459595,0.006879973225295544,0.4961349666118622,0.5249135494232178,0.02760922536253929,0.5000835061073303,0.5277709364891052,0.039975766092538834,0.4686972498893738,0.5593038201332092,-0.0034827294293791056,0.47990065813064575,0.5361262559890747,0.016784097999334335,0.48795726895332336,0.5385910868644714,0.03287239745259285,0.4914243817329407,0.545836329460144,0.040168922394514084,0.4607555866241455,0.5628014802932739,0.003903659526258707,0.47126099467277527,0.5447633266448975,0.020658569410443306,0.4779086709022522,0.5460492372512817,0.030765609815716743,0.48065313696861267,0.552196741104126,0.036272160708904266
8,  score: 0.9986505508422852,"  label: ""Right""",231,0.47035646438598633,0.6243237853050232,-2.19178618863225e-05,0.49409735202789307,0.6094070672988892,0.005853630136698484,0.5066283345222473,0.5841557383537292,0.009103180840611458,0.5126769542694092,0.5613737106323242,0.015278666280210018,0.5172560214996338,0.5445622205734253,0.021430466324090958,0.49279144406318665,0.5603718161582947,-0.014515286311507225,0.5005773305892944,0.525219202041626,-0.005217335186898708,0.5053214430809021,0.512519359588623,0.009513834491372108,0.5076393485069275,0.5054854154586792,0.019286775961518288,0.47888851165771484,0.5570696592330933,-0.009506977163255215,0.4887448847293854,0.5265704989433289,0.00848780944943428,0.49656856060028076,0.5237792134284973,0.030015673488378525,0.500586211681366,0.5262391567230225,0.04319710284471512,0.4681592583656311,0.55849689245224,-0.001632173778489232,0.4796963930130005,0.5353356003761292,0.01877080649137497,0.48833391070365906,0.536618709564209,0.03544219955801964,0.4922155737876892,0.5431675910949707,0.04347723722457886,0.46038109064102173,0.5627085566520691,0.006386439781636,0.47093942761421204,0.5443330407142639,0.023598570376634598,0.47779446840286255,0.5452331304550171,0.033975593745708466,0.4807273745536804,0.5512219667434692,0.04001083970069885
9,  score: 0.9995954036712646,"  label: ""Right""",264,0.47073519229888916,0.6234071850776672,-1.858474570326507e-05,0.49384593963623047,0.6084444522857666,0.006328667979687452,0.5060107707977295,0.5836318135261536,0.00959223136305809,0.5119560360908508,0.5612016916275024,0.015458379872143269,0.5160691142082214,0.5444802045822144,0.0215708389878273,0.49264973402023315,0.5608404874801636,-0.014218084514141083,0.49984079599380493,0.5253204703330994,-0.005276369396597147,0.5043190121650696,0.5125502943992615,0.00930956844240427,0.5066648721694946,0.505545437335968,0.019272442907094955,0.47866976261138916,0.5575659275054932,-0.009701836854219437,0.48767781257629395,0.5270718336105347,0.007988237775862217,0.49518904089927673,0.5246411561965942,0.02886817418038845,0.49935394525527954,0.5273771286010742,0.04173266887664795,0.46789464354515076,0.5588063597679138,-0.002361489459872246,0.47894588112831116,0.5360172986984253,0.017383834347128868,0.4872106909751892,0.5379528999328613,0.03339042142033577,0.4910208582878113,0.5448503494262695,0.041094597429037094,0.4601176083087921,0.5627137422561646,0.005230521783232689,0.4700426757335663,0.5443941354751587,0.021927792578935623,0.47672897577285767,0.5453590154647827,0.032011013478040695,0.47976407408714294,0.5514125227928162,0.03770946338772774
10,  score: 0.9998775124549866,"  label: ""Right""",297,0.47065991163253784,0.6229541301727295,-1.644441726966761e-05,0.4937446713447571,0.6079105734825134,0.007354899309575558,0.5060977339744568,0.583778440952301,0.010664660483598709,0.5127056241035461,0.5624756813049316,0.0162410419434309,0.5172808766365051,0.5469725131988525,0.02228463441133499,0.4927723705768585,0.5610657334327698,-0.012641428969800472,0.5001150369644165,0.5261217951774597,-0.004126147832721472,0.5042927265167236,0.5126767754554749,0.009250372648239136,0.5065672397613525,0.5046229362487793,0.0183038841933012,0.4786625802516937,0.5574262142181396,-0.008555591106414795,0.4873799979686737,0.5254353284835815,0.0080967266112566,0.494810551404953,0.521805465221405,0.028775544837117195,0.49900856614112854,0.5235854983329773,0.04203619807958603,0.46762901544570923,0.5582129955291748,-0.0017433532048016787,0.4784221947193146,0.5335719585418701,0.0173801239579916,0.4868643879890442,0.5344176292419434,0.03404286131262779,0.4908653497695923,0.5403916239738464,0.042788583785295486,0.4594981074333191,0.5619076490402222,0.005410274490714073,0.4693169593811035,0.5428369641304016,0.021973391994833946,0.47613754868507385,0.5430648326873779,0.032536521553993225,0.4793862998485565,0.5483456254005432,0.038945477455854416
11,  score: 0.9999106526374817,"  label: ""Right""",330,0.47098204493522644,0.6219960451126099,-1.7962300262297504e-05,0.49358564615249634,0.6081672310829163,0.006357036530971527,0.5058273077011108,0.583662748336792,0.009770836681127548,0.5115669369697571,0.5620365738868713,0.015875322744250298,0.5150959491729736,0.5462300181388855,0.02203899249434471,0.49189791083335876,0.5619806051254272,-0.015459161251783371,0.4996809661388397,0.5266393423080444,-0.0077949767000973225,0.504396915435791,0.5127931833267212,0.004913499113172293,0.5069984197616577,0.5052920579910278,0.013500690460205078,0.4775250256061554,0.5581285357475281,-0.011175410822033882,0.4872562885284424,0.5258098840713501,0.0050530643202364445,0.49537262320518494,0.5226750373840332,0.025274839252233505,0.5000236630439758,0.5254209637641907,0.03766607120633125,0.46656548976898193,0.5589306354522705,-0.004062664229422808,0.4785381257534027,0.5343614220619202,0.014157433062791824,0.4872073829174042,0.5361508131027222,0.03012014552950859,0.49129894375801086,0.5430735945701599,0.038281600922346115,0.4586479663848877,0.5626472234725952,0.003306741826236248,0.46923479437828064,0.5430780053138733,0.019160911440849304,0.47615933418273926,0.5435820817947388,0.029483279213309288,0.47951507568359375,0.5490533709526062,0.035684213042259216
12,  score: 0.9999532699584961,"  label: ""Right""",363,0.47073981165885925,0.6204462051391602,-2.0222078092047013e-05,0.49302127957344055,0.6065598130226135,0.004181229043751955,0.5049312710762024,0.5820751190185547,0.0062094032764434814,0.5108010172843933,0.5604580640792847,0.011318332515656948,0.5141196250915527,0.5443208813667297,0.016862735152244568,0.4905359745025635,0.5620565414428711,-0.01913578249514103,0.498908668756485,0.5267086625099182,-0.011770321987569332,0.5036044120788574,0.5126615166664124,0.0011385466204956174,0.5060591101646423,0.5044416785240173,0.009942983277142048,0.47627031803131104,0.5583211779594421,-0.014361714012920856,0.48621657490730286,0.5250038504600525,0.0009156800806522369,0.49424344301223755,0.5198212265968323,0.020480399951338768,0.49867895245552063,0.520020604133606,0.03285501152276993,0.4654373824596405,0.5587416291236877,-0.006958134472370148,0.4774138927459717,0.5314835906028748,0.010091721080243587,0.48629480600357056,0.5315543413162231,0.026384295895695686,0.49058741331100464,0.5364634990692139,0.03497587889432907,0.4577662944793701,0.562076985836029,0.0004922909429296851,0.4682147800922394,0.540646493434906,0.015204623341560364,0.47537872195243835,0.5399938821792603,0.025368105620145798,0.4792194366455078,0.5439081788063049,0.03159563988447189
NA
NA
NA
NA
NA
NA
NA
NA
NA
NA
23,  score: 0.9999535083770752,"  label: ""Right""",726,0.4724273085594177,0.6190818548202515,-2.3850861907703802e-05,0.4923378527164459,0.601995050907135,0.0022420836612582207,0.5028836131095886,0.5760006308555603,0.0028182929381728172,0.5078559517860413,0.553634762763977,0.00705595500767231,0.5126155018806458,0.5380930304527283,0.01131468452513218,0.48828327655792236,0.5582037568092346,-0.02322704903781414,0.49933773279190063,0.5252428650856018,-0.01634209416806698,0.5062687397003174,0.5134152770042419,-0.003687505144625902,0.5103309750556946,0.5075505971908569,0.004579284694045782,0.47398996353149414,0.5546640157699585,-0.01769295707345009,0.48606744408607483,0.5229490995407104,-0.004131252411752939,0.4951699376106262,0.5205262899398804,0.014753205701708794,0.5000268816947937,0.5234475135803223,0.025839155539870262,0.463706374168396,0.5562641024589539,-0.009565804153680801,0.47723832726478577,0.5314000844955444,0.007357660681009293,0.4857124090194702,0.5350537896156311,0.021255789324641228,0.4891587197780609,0.5426335334777832,0.027726685628294945,0.45727401971817017,0.5607240200042725,-0.0013339194701984525,0.4692193567752838,0.5418795347213745,0.01390076894313097,0.4758562743663788,0.5434461236000061,0.023471640422940254,0.47850874066352844,0.5489223599433899,0.02993057109415531
24,  score: 0.9999608397483826,"  label: ""Right""",759,0.47255679965019226,0.6182739734649658,-2.6702025934355333e-05,0.49239274859428406,0.601948082447052,0.002632885007187724,0.5031842589378357,0.5765087604522705,0.0029494722839444876,0.5082811713218689,0.5541321635246277,0.006635648664087057,0.5129526257514954,0.538814127445221,0.010109337978065014,0.48872965574264526,0.5581971406936646,-0.022638294845819473,0.4994800090789795,0.5258664488792419,-0.01566486805677414,0.5059002637863159,0.5138791799545288,-0.0029640733264386654,0.5097775459289551,0.5078365802764893,0.005528965033590794,0.47442853450775146,0.5547499060630798,-0.01765725389122963,0.48595181107521057,0.5238015055656433,-0.0034656566567718983,0.4945474863052368,0.522370457649231,0.01563679240643978,0.4992605447769165,0.5260260105133057,0.02657156251370907,0.46402743458747864,0.5564895272254944,-0.010035639628767967,0.47694578766822815,0.5316436290740967,0.006994177587330341,0.4851823151111603,0.5352038741111755,0.0210405383259058,0.4885881245136261,0.5427695512771606,0.027418037876486778,0.45733654499053955,0.561135470867157,-0.002273739781230688,0.46868032217025757,0.542177140712738,0.012909912504255772,0.47505152225494385,0.5439044237136841,0.022394729778170586,0.4776606857776642,0.5495002865791321,0.028523603454232216
25,  score: 0.9999741911888123,"  label: ""Right""",792,0.47194889187812805,0.6188206672668457,-2.5615732738515362e-05,0.49234575033187866,0.6024481058120728,0.00217296089977026,0.5032429099082947,0.577153742313385,0.0024193120189011097,0.508465588092804,0.5548858046531677,0.006498220842331648,0.5126782655715942,0.5394338965415955,0.0107648316770792,0.48890167474746704,0.5596906542778015,-0.025045055896043777,0.5004122853279114,0.5265244841575623,-0.018367324024438858,0.5069985389709473,0.5155825018882751,-0.005039268173277378,0.5106604099273682,0.5104791522026062,0.003925808239728212,0.474566251039505,0.5551912188529968,-0.019764166325330734,0.4871596693992615,0.5227549076080322,-0.006846120581030846,0.4956241846084595,0.5211827754974365,0.012214038521051407,0.4997496008872986,0.5247549414634705,0.023582441732287407,0.4641762673854828,0.5557777285575867,-0.011830483563244343,0.4778989851474762,0.5291264057159424,0.0038738297298550606,0.486689031124115,0.5318208336830139,0.018898915499448776,0.49019381403923035,0.5387511253356934,0.026527773588895798,0.45739132165908813,0.5597776770591736,-0.003655454143881798,0.46909719705581665,0.5395642518997192,0.010320584289729595,0.4760095179080963,0.5405719876289368,0.0201173797249794,0.4789387583732605,0.5456072688102722,0.02713979408144951
26,  score: 0.9999485015869141,"  label: ""Right""",825,0.47166019678115845,0.6185075044631958,-2.6869671273743734e-05,0.49240145087242126,0.6029442548751831,0.002528456272557378,0.5036404132843018,0.5780909657478333,0.002263080794364214,0.5089195966720581,0.5555686950683594,0.005775303114205599,0.5134496688842773,0.5401777029037476,0.009045441634953022,0.48983195424079895,0.5596038103103638,-0.024686424061655998,0.5011645555496216,0.5266367793083191,-0.0178839061409235,0.5075833797454834,0.5163075923919678,-0.004898975603282452,0.5111400485038757,0.511737048625946,0.003768877126276493,0.4752357304096222,0.55452561378479,-0.019842054694890976,0.4874326288700104,0.5232982039451599,-0.005405470263212919,0.4950144290924072,0.5250680446624756,0.01319070253521204,0.4982966184616089,0.5312539935112,0.02276110276579857,0.4646036624908447,0.5549659729003906,-0.012169720605015755,0.4782411754131317,0.5307658314704895,0.005194677039980888,0.4860822856426239,0.53597092628479,0.019126126542687416,0.48857298493385315,0.5443789958953857,0.024596882984042168,0.4576047360897064,0.5590450167655945,-0.00430217245593667,0.46957945823669434,0.5406392216682434,0.010901381261646748,0.4756784737110138,0.5437341332435608,0.020246122032403946,0.47753244638442993,0.5503575801849365,0.02594119682908058
27,  score: 0.9999697208404541,"  label: ""Right""",858,0.47152096033096313,0.6187019944190979,-2.8971862775506452e-05,0.49176082015037537,0.6028603911399841,0.003576895222067833,0.5027920603752136,0.5787695646286011,0.0041651478968560696,0.5083220601081848,0.5564258098602295,0.008500909432768822,0.5121854543685913,0.5402147769927979,0.012734967283904552,0.48951396346092224,0.5609912872314453,-0.0251928698271513,0.5013449192047119,0.5276108384132385,-0.018643096089363098,0.5075393915176392,0.5165814161300659,-0.005307158455252647,0.5108804702758789,0.5113449096679688,0.003956728149205446,0.47530272603034973,0.5553151965141296,-0.020388975739479065,0.48843660950660706,0.5234885811805725,-0.006366068031638861,0.49632710218429565,0.5239570140838623,0.013230102136731148,0.4998452961444855,0.5289989709854126,0.024379612877964973,0.46496015787124634,0.5550410747528076,-0.012760878540575504,0.47897517681121826,0.529119610786438,0.003287159837782383,0.4875688850879669,0.5326839089393616,0.018765216693282127,0.49076542258262634,0.5401027798652649,0.026395555585622787,0.4580872058868408,0.5586713552474976,-0.00479899113997817,0.46970412135124207,0.5389030575752258,0.0093120988458395,0.47648027539253235,0.5408248901367188,0.019099906086921692,0.4793277084827423,0.5465332865715027,0.025677453726530075
28,  score: 0.9999879002571106,"  label: ""Right""",891,0.4709165692329407,0.619170606136322,-2.8977490728721023e-05,0.49147912859916687,0.6029664278030396,0.00476545887067914,0.5024340152740479,0.5790050625801086,0.005967417266219854,0.5080280900001526,0.556897759437561,0.010835686698555946,0.511709451675415,0.5410858392715454,0.015902560204267502,0.49000221490859985,0.5611827373504639,-0.02543862722814083,0.501954972743988,0.5272303223609924,-0.01913953572511673,0.508550226688385,0.5173242688179016,-0.005463106092065573,0.5118943452835083,0.5135140419006348,0.004072163254022598,0.4757143557071686,0.5551052689552307,-0.021056458353996277,0.489307701587677,0.5219067335128784,-0.007574270013719797,0.4973118305206299,0.5221720337867737,0.012525761500000954,0.5002787709236145,0.5270804762840271,0.02450173906981945,0.4650980234146118,0.5547099113464355,-0.013687987811863422,0.47933438420295715,0.5267359018325806,0.001786917680874467,0.48823967576026917,0.5292470455169678,0.018341384828090668,0.49120238423347473,0.5356276631355286,0.027023455128073692,0.45777830481529236,0.5584051012992859,-0.005939158145338297,0.4695621728897095,0.5371262431144714,0.00827332679182291,0.4767046570777893,0.5381836295127869,0.018830984830856323,0.47943857312202454,0.5432119369506836,0.026248134672641754
29,  score: 0.9999771118164062,"  label: ""Right""",924,0.4709337651729584,0.6198090314865112,-3.068612204515375e-05,0.4915562868118286,0.6028046607971191,0.007551925256848335,0.5026233792304993,0.5791448950767517,0.01032796036452055,0.5081528425216675,0.5574479699134827,0.016069643199443817,0.5111841559410095,0.5419054627418518,0.021738201379776,0.4909096360206604,0.561440646648407,-0.021449001505970955,0.5021246671676636,0.5279436111450195,-0.014414547011256218,0.5081946849822998,0.5186981558799744,-0.0008469709428027272,0.5114051699638367,0.515430212020874,0.008640749379992485,0.47674620151519775,0.5554311871528625,-0.018227815628051758,0.48998579382896423,0.5241425037384033,-0.0038740180898457766,0.4977870285511017,0.5242452025413513,0.015982186421751976,0.5009207725524902,0.5289010405540466,0.027956489473581314,0.46598270535469055,0.5553960204124451,-0.011866261251270771,0.4801555573940277,0.5299286246299744,0.0044283135794103146,0.48840364813804626,0.5325849652290344,0.020079923793673515,0.491178035736084,0.5389739871025085,0.02787116728723049,0.45829179883003235,0.5592066645622253,-0.005000678822398186,0.4697507321834564,0.539573609828949,0.009850984439253807,0.47646814584732056,0.5410910844802856,0.019905803725123405,0.4791920781135559,0.5461170077323914,0.026620807126164436
30,  score: 0.999993622303009,"  label: ""Right""",957,0.4711131751537323,0.618985652923584,-3.0114179025986232e-05,0.49184590578079224,0.6016209721565247,0.008674957789480686,0.5028563737869263,0.5786678791046143,0.011627714149653912,0.5087307691574097,0.5576960444450378,0.017443504184484482,0.5113449692726135,0.5425631999969482,0.023116081953048706,0.49133986234664917,0.5612289905548096,-0.021647579967975616,0.5027026534080505,0.5274373292922974,-0.013641229830682278,0.5085126757621765,0.5193014144897461,0.0009618454496376216,0.51078200340271,0.5174892544746399,0.01107860542833805,0.4772775173187256,0.5552587509155273,-0.01898796111345291,0.4907284080982208,0.523820161819458,-0.003660405520349741,0.497656911611557,0.5254403352737427,0.016940301284193993,0.4995967447757721,0.5308362245559692,0.02868836373090744,0.46640318632125854,0.5548234581947327,-0.012928346171975136,0.48074600100517273,0.5288203358650208,0.0037467244546860456,0.48842740058898926,0.5318908095359802,0.020389284938573837,0.4903613328933716,0.5382249355316162,0.02850676327943802,0.4584486484527588,0.5581449270248413,-0.006197576876729727,0.46981677412986755,0.537521243095398,0.008759688585996628,0.4762811064720154,0.5392560362815857,0.019494038075208664,0.47852659225463867,0.5443292260169983,0.026559729129076004
31,  score: 0.9999963045120239,"  label: ""Right""",990,0.4712279140949249,0.6185387969017029,-3.3033094950951636e-05,0.4920128583908081,0.6019352674484253,0.009755254723131657,0.5032413005828857,0.5793547034263611,0.013347364962100983,0.5092735290527344,0.5583962202072144,0.019786475226283073,0.5117693543434143,0.5429308414459229,0.025892402976751328,0.492779403924942,0.5622303485870361,-0.02092767134308815,0.5033851861953735,0.528315544128418,-0.013459734618663788,0.5087645649909973,0.5190684199333191,0.0006495186244137585,0.5113717317581177,0.5158871412277222,0.011010038666427135,0.47866275906562805,0.5560157299041748,-0.018546663224697113,0.4909920394420624,0.5246046185493469,-0.002490767277777195,0.4976002275943756,0.5263816714286804,0.018438654020428658,0.4997776448726654,0.5320748686790466,0.030308155342936516,0.46751073002815247,0.5554062128067017,-0.01263750996440649,0.4808501601219177,0.5298159122467041,0.0046961065381765366,0.48824945092201233,0.5333179831504822,0.021616213023662567,0.4902656376361847,0.5401498675346375,0.02994365245103836,0.45916905999183655,0.5586506724357605,-0.006036823149770498,0.46987468004226685,0.5382999181747437,0.009477855637669563,0.4760694205760956,0.5404394865036011,0.020491480827331543,0.47840777039527893,0.5459349155426025,0.02741110883653164
32,  score: 0.9999796748161316,"  label: ""Right""",1023,0.47130298614501953,0.6185201406478882,-2.8024587663821876e-05,0.4921026825904846,0.602446973323822,0.007004980463534594,0.503380537033081,0.5783470273017883,0.009704544208943844,0.5088927149772644,0.5558181405067444,0.015760144218802452,0.5116574168205261,0.5394682884216309,0.021872326731681824,0.4921407699584961,0.5611079931259155,-0.021867074072360992,0.5026209354400635,0.5261867642402649,-0.014063088223338127,0.5084999799728394,0.516063392162323,0.0005382657400332391,0.5114554762840271,0.5123443603515625,0.010771720670163631,0.4781360626220703,0.5555267930030823,-0.018582360818982124,0.49056607484817505,0.5227029323577881,-0.003484343644231558,0.4982028305530548,0.5228217840194702,0.017530588433146477,0.5011194348335266,0.5272282361984253,0.029688803479075432,0.4672473073005676,0.5551770925521851,-0.012196885421872139,0.48091328144073486,0.5284938812255859,0.0045448667369782925,0.4891660213470459,0.531591534614563,0.02142399735748768,0.491678386926651,0.538230836391449,0.029759550467133522,0.4593253433704376,0.5583595633506775,-0.00533071905374527,0.47050368785858154,0.5376569032669067,0.00949663296341896,0.4771874248981476,0.539360523223877,0.02036719024181366,0.4796319603919983,0.5447140336036682,0.027242790907621384
33,  score: 0.9999610781669617,"  label: ""Right""",1056,0.47203630208969116,0.6185877323150635,-2.0028979633934796e-05,0.49272000789642334,0.6028044819831848,0.006062045227736235,0.5032675266265869,0.5782024264335632,0.008406165987253189,0.5082835555076599,0.5556779503822327,0.013622281141579151,0.5124377012252808,0.5389920473098755,0.01910160854458809,0.49278414249420166,0.5600553154945374,-0.020150894299149513,0.5025479197502136,0.525435209274292,-0.013527032919228077,0.5079984068870544,0.5126697421073914,-0.000383824051823467,0.5110871195793152,0.5059391856193542,0.009121794253587723,0.4786340296268463,0.5551983714103699,-0.016300076618790627,0.48979827761650085,0.5220901966094971,-0.002800741232931614,0.4984104037284851,0.517048716545105,0.01780395396053791,0.5029434561729431,0.5173808336257935,0.03151625767350197,0.46767422556877136,0.5554104447364807,-0.009641078300774097,0.48051387071609497,0.5280030965805054,0.006706446874886751,0.48958462476730347,0.5278882384300232,0.023311544209718704,0.4936712980270386,0.5321645140647888,0.03288866579532623,0.4598159193992615,0.558989405632019,-0.002653856761753559,0.4709692895412445,0.5382983684539795,0.012443729676306248,0.47811004519462585,0.5381319522857666,0.02364681288599968,0.4814339280128479,0.5418226718902588,0.031518202275037766
34,  score: 0.9999445676803589,"  label: ""Right""",1089,0.4713066518306732,0.6218013167381287,-3.278414806118235e-05,0.4932207465171814,0.6031869649887085,0.008003579452633858,0.5041530132293701,0.5781691670417786,0.011795777827501297,0.509791910648346,0.5558631420135498,0.018765764310956,0.5128300786018372,0.5398331880569458,0.02569836750626564,0.4930063784122467,0.5594368577003479,-0.016846463084220886,0.5022677779197693,0.5247746706008911,-0.008008300326764584,0.5073080658912659,0.514365017414093,0.006415102165192366,0.5098979473114014,0.5098324418067932,0.01667996682226658,0.4786972999572754,0.5547917485237122,-0.013328813947737217,0.4890950918197632,0.5218560695648193,0.0028400314040482044,0.4959224760532379,0.5218112468719482,0.024393698200583458,0.49861669540405273,0.5258805751800537,0.03746502846479416,0.4675239622592926,0.5552217960357666,-0.006749066524207592,0.47902971506118774,0.5271999835968018,0.01103666890412569,0.48725298047065735,0.5294287800788879,0.02882220409810543,0.49016162753105164,0.5356585383415222,0.03829172998666763,0.4593135714530945,0.5593371987342834,0.0003777327947318554,0.46887242794036865,0.5374373197555542,0.016188547015190125,0.47581636905670166,0.5380209684371948,0.027778685092926025,0.47887110710144043,0.5430920720100403,0.035509273409843445
35,  score: 0.9992565512657166,"  label: ""Right""",1122,0.4729873538017273,0.6208377480506897,-2.6797832106240094e-05,0.4944780468940735,0.6044477820396423,0.0057957470417022705,0.5052819848060608,0.5782781839370728,0.00910503976047039,0.5100480318069458,0.5546686053276062,0.015719786286354065,0.5127888917922974,0.537238597869873,0.02231840416789055,0.49387261271476746,0.5594581961631775,-0.014874950051307678,0.5014843344688416,0.5246753096580505,-0.0070846350863575935,0.5055738687515259,0.5112119913101196,0.0051129464991390705,0.5075587630271912,0.5032892823219299,0.013654923997819424,0.47947168350219727,0.5555000305175781,-0.010677974671125412,0.48631078004837036,0.522088885307312,0.005628466606140137,0.4920462369918823,0.5224632620811462,0.025135546922683716,0.49451255798339844,0.5279325246810913,0.036181606352329254,0.46833789348602295,0.5565608143806458,-0.0038345183711498976,0.4776532053947449,0.5306030511856079,0.015176423825323582,0.48483341932296753,0.5346776843070984,0.029927484691143036,0.48731499910354614,0.542841374874115,0.036157719790935516,0.4602598547935486,0.5609155297279358,0.0031666792929172516,0.46969711780548096,0.541711151599884,0.019579077139496803,0.4755930006504059,0.5436270833015442,0.029239535331726074,0.47766247391700745,0.5499640107154846,0.034653402864933014
36,  score: 0.9945439100265503,"  label: ""Right""",1155,0.4737854301929474,0.6169408559799194,-2.1916654077358544e-05,0.4937795102596283,0.6043863296508789,0.005541076418012381,0.5039759874343872,0.580912172794342,0.009469150565564632,0.5081129670143127,0.5587871074676514,0.01598598062992096,0.5121013522148132,0.5418316125869751,0.022979898378252983,0.4936801493167877,0.5587712526321411,-0.011106572113931179,0.4994632601737976,0.5262092351913452,-0.0031329174526035786,0.5031360387802124,0.5115919709205627,0.008273761719465256,0.504817545413971,0.5016399621963501,0.016090448945760727,0.4802827835083008,0.5557785630226135,-0.006173549685627222,0.484646201133728,0.5247529745101929,0.009629009291529655,0.49055129289627075,0.5214843153953552,0.029065905138850212,0.4937126040458679,0.5234809517860413,0.04166363924741745,0.4697730243206024,0.557470977306366,0.0010197078809142113,0.477287620306015,0.5344301462173462,0.01970202662050724,0.4840935468673706,0.5379868149757385,0.034120507538318634,0.4869635999202728,0.5456967353820801,0.040763236582279205,0.46200457215309143,0.5619218349456787,0.008175947703421116,0.47053831815719604,0.5454186797142029,0.023585719987750053,0.4760708808898926,0.5473976135253906,0.032416000962257385,0.4780515432357788,0.5531740188598633,0.03788105770945549
37,  score: 0.9943405389785767,"  label: ""Right""",1188,0.4736196994781494,0.6198100447654724,-2.2795395125285722e-05,0.49467140436172485,0.6054602861404419,0.0033051264472305775,0.505121648311615,0.5807019472122192,0.005743741989135742,0.5099267959594727,0.5572954416275024,0.010945134796202183,0.5147594809532166,0.5395024418830872,0.01758211851119995,0.4927750527858734,0.5590724349021912,-0.012687253765761852,0.49846550822257996,0.5246161222457886,-0.006506205536425114,0.5023984313011169,0.5102651119232178,0.004242452792823315,0.5047737956047058,0.5013309717178345,0.011767074465751648,0.4788268208503723,0.5570145845413208,-0.0072786216624081135,0.48379868268966675,0.5230704545974731,0.006377725396305323,0.489980012178421,0.5184848308563232,0.025348655879497528,0.4933422803878784,0.5199636816978455,0.03842311352491379,0.4683237671852112,0.5592837333679199,1.6198533558053896e-05,0.47504952549934387,0.5309012532234192,0.01636062003672123,0.4827434718608856,0.5295422673225403,0.032844893634319305,0.4867028295993805,0.5337715744972229,0.04210815206170082,0.460837721824646,0.5644654631614685,0.007139998022466898,0.46799713373184204,0.544201672077179,0.021752329543232918,0.4742705225944519,0.5426245331764221,0.03256218880414963,0.47748661041259766,0.5458897352218628,0.04025733470916748
38,  score: 0.9922638535499573,"  label: ""Right""",1221,0.4730120897293091,0.6184305548667908,-2.1060432118247263e-05,0.4942527115345001,0.605373740196228,0.0030340473167598248,0.5049586296081543,0.5815163850784302,0.005173305049538612,0.510146975517273,0.5588338375091553,0.009927845560014248,0.5145873427391052,0.541828453540802,0.016156528145074844,0.493287593126297,0.5602534413337708,-0.01409362442791462,0.4983569085597992,0.5245901942253113,-0.009356571361422539,0.5025544166564941,0.5100518465042114,1.5017958503449336e-05,0.5050107836723328,0.5020121335983276,0.006826021708548069,0.4797225296497345,0.5583668947219849,-0.008755951188504696,0.48473379015922546,0.5225123763084412,0.00231354683637619,0.4908113479614258,0.5167137384414673,0.020304614678025246,0.493809312582016,0.518143892288208,0.03339552879333496,0.46913769841194153,0.5605711340904236,-0.0018897335976362228,0.47524139285087585,0.529977023601532,0.011791800148785114,0.48259401321411133,0.5266315340995789,0.02849937602877617,0.4862479269504547,0.5293776988983154,0.038533587008714676,0.46131762862205505,0.5655651092529297,0.005208066664636135,0.46709778904914856,0.5425089597702026,0.01773633062839508,0.47317564487457275,0.539434015750885,0.029467811807990074,0.47673001885414124,0.5413309931755066,0.03854288160800934
39,  score: 0.9704954624176025,"  label: ""Right""",1254,0.4735559821128845,0.6139430403709412,-2.8745629606419243e-05,0.493446409702301,0.6041466593742371,0.0004956882912665606,0.5029397010803223,0.5817234516143799,0.0020954676438122988,0.5074832439422607,0.5597535967826843,0.007144961506128311,0.5121009945869446,0.542553186416626,0.012802069075405598,0.4930061995983124,0.559872567653656,-0.01772819459438324,0.49790892004966736,0.5254510045051575,-0.014379479922354221,0.5025995373725891,0.5096405148506165,-0.006535022985190153,0.5057440996170044,0.5003791451454163,-0.0005835279589518905,0.48027119040489197,0.5581536293029785,-0.010400526225566864,0.4852818250656128,0.5238441824913025,0.0005643568001687527,0.4909310042858124,0.5170589685440063,0.018298998475074768,0.4937841594219208,0.5171189904212952,0.030713099986314774,0.4704570770263672,0.559950590133667,-0.0019470944534987211,0.4763909578323364,0.5306068658828735,0.010275034233927727,0.48326414823532104,0.5268158912658691,0.026945000514388084,0.4869392216205597,0.5288670063018799,0.03677460551261902,0.46316006779670715,0.5642598271369934,0.006622977089136839,0.4684751629829407,0.5418951511383057,0.018286993727087975,0.4742329716682434,0.5381379127502441,0.02983829379081726,0.47770923376083374,0.5391507148742676,0.03855996951460838
40,  score: 0.9980378746986389,"  label: ""Right""",1287,0.4731273651123047,0.6184204816818237,-3.3367672585882246e-05,0.49372604489326477,0.6028084754943848,0.004113080445677042,0.5045768618583679,0.5791214108467102,0.007572766859084368,0.509419322013855,0.5572973489761353,0.014515899121761322,0.5119240880012512,0.5409610271453857,0.021724367514252663,0.49406635761260986,0.5615436434745789,-0.016466978937387466,0.4993665814399719,0.5260152220726013,-0.010708335787057877,0.5034400820732117,0.5138281583786011,0.0009374301298521459,0.5057122111320496,0.5086773633956909,0.0096035310998559,0.48049938678741455,0.5594329237937927,-0.011134958826005459,0.4851412773132324,0.5232784152030945,-5.802327359560877e-05,0.4903034567832947,0.5210705399513245,0.01757168397307396,0.4922356903553009,0.5255878567695618,0.029504405334591866,0.46990349888801575,0.5615105628967285,-0.004026121459901333,0.4754113256931305,0.5308547019958496,0.008407622575759888,0.4828338623046875,0.5301756262779236,0.023628558963537216,0.4857328236103058,0.5352706909179688,0.0320843942463398,0.46226048469543457,0.5665072798728943,0.0035484102554619312,0.4668204188346863,0.5429002046585083,0.014665595255792141,0.47334158420562744,0.541266918182373,0.024478387087583542,0.47695448994636536,0.5449432730674744,0.0319983996450901
41,  score: 0.9964672923088074,"  label: ""Right""",1320,0.4715001583099365,0.6189765930175781,-2.2618871298618615e-05,0.49397939443588257,0.6052212715148926,0.004756138194352388,0.503899335861206,0.5836004018783569,0.008777807466685772,0.5064382553100586,0.5644438862800598,0.0169173963367939,0.5046737790107727,0.5492657423019409,0.02619718573987484,0.4956853985786438,0.5667730569839478,-0.022419806569814682,0.5019193291664124,0.5305405855178833,-0.02013988420367241,0.5068318247795105,0.518477737903595,-0.011401145718991756,0.5096220970153809,0.5139529705047607,-0.004018483217805624,0.48221275210380554,0.5624392032623291,-0.01678290218114853,0.488966166973114,0.5254610776901245,-0.007519091013818979,0.4943803548812866,0.5232833027839661,0.010675663128495216,0.4968990385532379,0.5282450318336487,0.02298062853515148,0.47156447172164917,0.5624315738677979,-0.009315155446529388,0.4788888692855835,0.5320854187011719,0.001990410266444087,0.48632779717445374,0.5321829915046692,0.01860257424414158,0.4894789755344391,0.538261353969574,0.02815353497862816,0.46374958753585815,0.5656507015228271,-0.0013145097764208913,0.46953850984573364,0.542265772819519,0.01003565639257431,0.4768036901950836,0.5415690541267395,0.02130311354994774,0.4808722138404846,0.5458167195320129,0.029952334240078926
42,  score: 0.9958620071411133,"  label: ""Right""",1353,0.46929413080215454,0.6266465783119202,-2.991140354424715e-05,0.49040937423706055,0.6140345335006714,0.006888512056320906,0.5003836154937744,0.5916809439659119,0.011726593598723412,0.503428041934967,0.57105553150177,0.019892828539013863,0.5015249252319336,0.5551015138626099,0.02950487658381462,0.4928412437438965,0.5739911794662476,-0.022389352321624756,0.5019715428352356,0.5373838543891907,-0.01848585158586502,0.5073516368865967,0.5259622931480408,-0.007362161297351122,0.5100613832473755,0.5210587382316589,0.001612944877706468,0.48034220933914185,0.5679487586021423,-0.017934272065758705,0.489437997341156,0.5295426249504089,-0.009733239188790321,0.49632155895233154,0.5270925164222717,0.009672197513282299,0.4991728663444519,0.5312878489494324,0.02357245236635208,0.47021740674972534,0.5660444498062134,-0.01066731195896864,0.47967004776000977,0.5334879159927368,-0.00109053251799196,0.48717251420021057,0.533815324306488,0.016767719760537148,0.4899156093597412,0.5397740602493286,0.02816067822277546,0.4627503752708435,0.5675233006477356,-0.0028499949257820845,0.47028765082359314,0.542661726474762,0.008323019370436668,0.4765879511833191,0.5427936911582947,0.020046697929501534,0.47940903902053833,0.5476648211479187,0.02970188856124878
43,  score: 0.978703498840332,"  label: ""Right""",1386,0.46930992603302,0.6254223585128784,-2.377309647272341e-05,0.4906732439994812,0.6138483285903931,0.006474046967923641,0.5007100701332092,0.5926966667175293,0.01143198274075985,0.5036565661430359,0.5728713274002075,0.019737564027309418,0.5018552541732788,0.5571582317352295,0.0292829517275095,0.49377575516700745,0.5751270055770874,-0.022781742736697197,0.5030909180641174,0.5407727360725403,-0.01750192418694496,0.5081422328948975,0.5313436985015869,-0.005642934236675501,0.5099484920501709,0.528056800365448,0.003330906154587865,0.4813214838504791,0.5691187381744385,-0.018132563680410385,0.4904961884021759,0.5333232879638672,-0.009200092405080795,0.49615949392318726,0.5320005416870117,0.010168223641812801,0.49767953157424927,0.5359190106391907,0.023766973987221718,0.4710090458393097,0.5669754147529602,-0.010805717669427395,0.4804636240005493,0.5365912318229675,-0.0005611667293123901,0.4872828423976898,0.5373573899269104,0.017879484221339226,0.48921364545822144,0.5428342819213867,0.02933383546769619,0.4630390703678131,0.567769467830658,-0.002884074579924345,0.4701034128665924,0.5445184707641602,0.008057761006057262,0.4762394428253174,0.544801652431488,0.019746897742152214,0.47898587584495544,0.54926598072052,0.029672561213374138
44,  score: 0.9998593926429749,"  label: ""Right""",1419,0.47087517380714417,0.6270557045936584,-3.0149572921800427e-05,0.4917293190956116,0.6135448813438416,0.006863975431770086,0.5021457076072693,0.5923589468002319,0.009303334169089794,0.5059791803359985,0.5710633397102356,0.015146426856517792,0.5052962899208069,0.555007815361023,0.021359235048294067,0.4927079975605011,0.5771172642707825,-0.028990451246500015,0.5040232539176941,0.5408667922019958,-0.020984431728720665,0.5105374455451965,0.5349840521812439,-0.006683058571070433,0.511614203453064,0.536687433719635,0.002935328520834446,0.47998395562171936,0.5710205435752869,-0.026008987799286842,0.4922453463077545,0.5348682999610901,-0.014674685895442963,0.49882665276527405,0.5386925935745239,0.0046146335080266,0.4989113211631775,0.5459800958633423,0.015043482184410095,0.4695966839790344,0.5688393115997314,-0.019661836326122284,0.48205381631851196,0.5375329852104187,-0.007438874803483486,0.4887832999229431,0.5433737635612488,0.011196250095963478,0.48857825994491577,0.5518556833267212,0.02059616521000862,0.46149376034736633,0.5694277882575989,-0.01240465510636568,0.47091805934906006,0.5440752506256104,-0.0009142940980382264,0.4770505726337433,0.5470605492591858,0.011617551557719707,0.47796207666397095,0.5532179474830627,0.020994136109948158
45,  score: 0.9989202618598938,"  label: ""Right""",1452,0.4681597054004669,0.6305266618728638,-3.254223702242598e-05,0.48967409133911133,0.6210151314735413,0.0009497149148955941,0.5023017525672913,0.6007212400436401,0.0019473083084449172,0.5087639093399048,0.5787566900253296,0.007615374401211739,0.5113919377326965,0.5611739754676819,0.013637049123644829,0.4912462532520294,0.5778709053993225,-0.027258161455392838,0.5046839118003845,0.5456921458244324,-0.018050212413072586,0.5120890140533447,0.5395728945732117,-0.003286614315584302,0.5146273374557495,0.5394808650016785,0.00691742030903697,0.47868746519088745,0.5714938044548035,-0.020532755181193352,0.4928637444972992,0.5395910143852234,-0.005276145879179239,0.499294251203537,0.5452107787132263,0.014789522625505924,0.5001428127288818,0.5532068014144897,0.024948136880993843,0.46864598989486694,0.5697776079177856,-0.01090287510305643,0.4824572503566742,0.5434507131576538,0.003727921051904559,0.4892878234386444,0.5497252941131592,0.020477838814258575,0.48999008536338806,0.5583480000495911,0.02741563878953457,0.4606758654117584,0.5711644887924194,-0.0011499851243570447,0.47101619839668274,0.5497711300849915,0.011855054646730423,0.4768846333026886,0.5532281398773193,0.022209415212273598,0.47818103432655334,0.5601339340209961,0.02869834192097187
46,  score: 0.9992775917053223,"  label: ""Right""",1485,0.46837157011032104,0.6309716105461121,-4.2014315113192424e-05,0.48933398723602295,0.6231926083564758,-0.002257408807054162,0.5025251507759094,0.6030815243721008,-0.003984610550105572,0.5095131993293762,0.5817660689353943,-0.00022465907386504114,0.5140246748924255,0.5657975673675537,0.0031948413234204054,0.4894189238548279,0.5814524292945862,-0.032937534153461456,0.5043108463287354,0.547926664352417,-0.02326017990708351,0.5127122402191162,0.5431782603263855,-0.007421140559017658,0.5153973698616028,0.5444750785827637,0.0031924608629196882,0.4770490229129791,0.5743407011032104,-0.024738572537899017,0.4926169812679291,0.542797327041626,-0.01039750874042511,0.499398797750473,0.5498260855674744,0.007744894828647375,0.499818354845047,0.5593962073326111,0.0160056184977293,0.46781858801841736,0.5722413063049316,-0.013636360876262188,0.48232272267341614,0.5462313890457153,0.00037081530899740756,0.4896015226840973,0.5526928305625916,0.014334844425320625,0.4903317987918854,0.5619838237762451,0.019534079357981682,0.46128934621810913,0.5733749270439148,-0.0022034982684999704,0.4723772704601288,0.5525601506233215,0.0098978690803051,0.47842663526535034,0.5567489862442017,0.018227118998765945,0.47971951961517334,0.5639668703079224,0.022836681455373764
46,  score: 0.8644294142723083,"  label: ""Left""",1485,0.5208448171615601,0.8607789874076843,-2.9488552172551863e-05,0.4965740442276001,0.877086877822876,0.0016360277077183127,0.4756159484386444,0.8794044852256775,-0.011890011839568615,0.46322327852249146,0.8721551299095154,-0.02523036301136017,0.4574921727180481,0.8639177680015564,-0.038007140159606934,0.4720289707183838,0.8918049335479736,-0.04764288663864136,0.45051318407058716,0.8695554733276367,-0.06440288573503494,0.4447745680809021,0.8481836915016174,-0.06982152163982391,0.4427323341369629,0.8324424028396606,-0.07556803524494171,0.4794290065765381,0.8800964951515198,-0.05756842717528343,0.45460471510887146,0.8569926619529724,-0.07645709067583084,0.4463368058204651,0.8339565992355347,-0.07498078793287277,0.44391417503356934,0.816434919834137,-0.07541368901729584,0.48830246925354004,0.8652729392051697,-0.06472916901111603,0.46371132135391235,0.844563901424408,-0.08181539922952652,0.4536537528038025,0.8240944147109985,-0.08334535360336304,0.4474981129169464,0.8091967701911926,-0.0848817303776741,0.49801141023635864,0.8495185375213623,-0.07076390087604523,0.48061102628707886,0.8306742310523987,-0.08447013050317764,0.4715942442417145,0.8144545555114746,-0.09038346260786057,0.4645369052886963,0.7994903326034546,-0.09771230071783066
NA
48,  score: 0.9998522996902466,"  label: ""Left""",1551,0.5443583130836487,0.8209213018417358,-5.0107442802982405e-05,0.5188939571380615,0.8333443403244019,0.018856218084692955,0.4969479441642761,0.8291196227073669,0.01471764873713255,0.48076289892196655,0.8146663904190063,0.006740843877196312,0.4717402160167694,0.80096036195755,-0.004294353071600199,0.49439606070518494,0.8394330739974976,-0.023017119616270065,0.46922293305397034,0.8189858794212341,-0.029918016865849495,0.4590015113353729,0.7995573282241821,-0.02704385295510292,0.45607656240463257,0.7836869359016418,-0.024892639368772507,0.5049753785133362,0.8310546875,-0.03704114258289337,0.4764350950717926,0.8006253242492676,-0.04747316986322403,0.4671286344528198,0.7739272117614746,-0.03975164145231247,0.4657151401042938,0.7529252767562866,-0.03241294249892235,0.51557457447052,0.8188664317131042,-0.047328393906354904,0.49026763439178467,0.7884214520454407,-0.05615910887718201,0.48095375299453735,0.7630274295806885,-0.049320753663778305,0.476888507604599,0.7455047965049744,-0.04259634390473366,0.5253922939300537,0.8054502606391907,-0.05576889216899872,0.5070781707763672,0.7788950204849243,-0.06049950793385506,0.4988428056240082,0.7594252228736877,-0.05721525102853775,0.4938395917415619,0.7436746954917908,-0.054078854620456696
48,  score: 0.9996711611747742,"  label: ""Right""",1551,0.46892020106315613,0.6408565640449524,-3.943703632103279e-05,0.49046826362609863,0.6328707933425903,-0.002613816875964403,0.504193902015686,0.6137487888336182,-0.005960407666862011,0.5124624967575073,0.5924373865127563,-0.004127893131226301,0.5192407369613647,0.5773945450782776,-0.003648321609944105,0.49092406034469604,0.5937162637710571,-0.03631008416414261,0.5060204863548279,0.5590001344680786,-0.029534347355365753,0.5141414999961853,0.5520671606063843,-0.01726570725440979,0.5168333649635315,0.5522288680076599,-0.009305872954428196,0.4779699742794037,0.5860780477523804,-0.02934146299958229,0.49401918053627014,0.5508126020431519,-0.016349315643310547,0.4995710551738739,0.5591663718223572,0.002207048237323761,0.49900832772254944,0.5696588754653931,0.01037533674389124,0.46808484196662903,0.5828054547309875,-0.019957512617111206,0.48335084319114685,0.552170991897583,-0.0066441637463867664,0.489753782749176,0.5607191920280457,0.009651586413383484,0.489102840423584,0.5707423686981201,0.015757430344820023,0.46079522371292114,0.5827486515045166,-0.01044824905693531,0.4724550247192383,0.5581396818161011,0.000464508862933144,0.4783414304256439,0.5629932284355164,0.010006257332861423,0.4788602888584137,0.5701422095298767,0.014937762171030045
49,  score: 0.9999704360961914,"  label: ""Left""",1584,0.5559965968132019,0.7681601047515869,-1.6090029021142982e-05,0.5372761487960815,0.7739243507385254,-0.00633362727239728,0.5214890241622925,0.7668706178665161,-0.014803514815866947,0.5125595927238464,0.7517077922821045,-0.019730836153030396,0.5072440505027771,0.7374088764190674,-0.02401723712682724,0.5209914445877075,0.7648961544036865,-0.04244289547204971,0.5029837489128113,0.7390809655189514,-0.053227853029966354,0.49611324071884155,0.721056342124939,-0.05651715025305748,0.4915006458759308,0.7070316672325134,-0.057931531220674515,0.5296277403831482,0.7547171115875244,-0.042307641357183456,0.5096358060836792,0.7245815992355347,-0.05622032657265663,0.501729428768158,0.7042269706726074,-0.060565389692783356,0.49622318148612976,0.6885465979576111,-0.06299034506082535,0.5391858220100403,0.7439615726470947,-0.0402396023273468,0.5199432969093323,0.7156286239624023,-0.05113264545798302,0.5118391513824463,0.6965669989585876,-0.05646273493766785,0.5057766437530518,0.681485652923584,-0.05997702479362488,0.5489962100982666,0.7328419089317322,-0.03707079961895943,0.5368179082870483,0.7094941735267639,-0.046015914529561996,0.5307843685150146,0.6942960619926453,-0.05205941200256348,0.525100827217102,0.6810200810432434,-0.057199232280254364
49,  score: 0.9867662787437439,"  label: ""Right""",1584,0.47083839774131775,0.6559424996376038,-1.7414118701708503e-05,0.49102434515953064,0.6514736413955688,-0.001907766330987215,0.5037553906440735,0.6349656581878662,-0.004124057944864035,0.512258768081665,0.6152656674385071,-0.002028243849053979,0.5191622972488403,0.5989755988121033,0.001871555345132947,0.49519672989845276,0.6117382645606995,-0.03179989755153656,0.5075992941856384,0.5802162289619446,-0.032433394342660904,0.5145578384399414,0.5662072896957397,-0.024299468845129013,0.5188223123550415,0.5579136610031128,-0.016296176239848137,0.4835326671600342,0.6032434701919556,-0.023651763796806335,0.4960280954837799,0.5689621567726135,-0.015341049060225487,0.5027036070823669,0.5654520392417908,0.0059045120142400265,0.5051383376121521,0.569368302822113,0.02206159010529518,0.4742513597011566,0.5987749099731445,-0.013065611943602562,0.48545634746551514,0.5674586892127991,-0.006219541188329458,0.4926973879337311,0.5647565126419067,0.010143227875232697,0.49566739797592163,0.5684226751327515,0.022539550438523293,0.46764057874679565,0.5977723598480225,-0.0018127476796507835,0.475816935300827,0.572399377822876,0.004846873693168163,0.4828476309776306,0.5681565403938293,0.015137935057282448,0.4870116412639618,0.5704241991043091,0.02446717582643032
